Timestamp;Batttery;FREE_HEAP;MIN_FREE_HEAP
2025-03-21 11:33:57;23.433333079020183;56.79533333333334;48.425333333333334
2025-03-21 12:03:57;23.517999267578126;56.716800000000006;48.352
2025-03-21 12:33:57;23.624999682108562;56.73866666666667;48.352
2025-03-21 13:03:57;23.71500015258789;56.928;48.352
2025-03-21 13:33:57;23.80666700998942;56.92933333333333;48.352
2025-03-21 14:03:57;17.934999465942383;70.842;64.076
2025-03-21 14:33:57;24.019999821980793;86.04133333333333;75.952
2025-03-21 15:03:57;24.103333791097004;85.87466666666667;75.952
2025-03-21 15:33:57;24.209999084472656;85.69066666666667;75.952
2025-03-21 16:03:57;24.309999465942383;85.61333333333333;75.952
2025-03-21 16:33:57;24.349999745686848;85.28133333333332;75.952
2025-03-21 17:03:57;24.43000030517578;84.506;75.952
2025-03-21 17:33:57;12.265000343322754;65.075;65.075
2025-03-21 18:03:57;16.399999618530273;85.27733333333333;78.46133333333333
2025-03-21 18:33:57;24.639999389648438;86.10933333333332;75.96
2025-03-21 19:03:57;24.719999313354492;85.17;75.96
2025-03-21 19:33:57;24.78999964396159;85.30666666666667;75.96
2025-03-21 20:03:57;24.826666514078777;85.73066666666668;75.96
2025-03-21 20:33:57;24.690000534057617;85.528;75.96
2025-03-21 21:03:57;24.834000396728516;85.0688;75.96
2025-03-21 21:33:57;25.049999237060547;85.348;75.96
2025-03-21 22:03:57;25.15999984741211;85.112;75.96
2025-03-21 22:33:57;25.204999923706055;85.012;75.96
2025-03-21 23:03:57;25.296667098999023;84.88;75.96
2025-03-21 23:33:57;25.3799991607666;84.648;75.96
2025-03-22 00:03:57;25.446666081746418;84.66266666666667;75.96
2025-03-22 00:33:57;25.483332951863606;84.29733333333333;75.96
2025-03-22 01:03:57;25.59000015258789;84.172;75.96
2025-03-22 01:33:57;25.673332850138348;83.95333333333333;75.96
2025-03-22 02:03:57;25.743332544962566;83.82933333333332;75.96
2025-03-22 02:33:57;25.883333206176758;83.67866666666667;75.96
2025-03-22 03:03:57;25.956666946411133;83.60266666666668;75.96
2025-03-22 03:33:57;26.066666920979817;83.45466666666667;75.96
2025-03-22 04:03:57;26.189999262491863;83.19866666666667;75.96
2025-03-22 04:33:57;26.28333282470703;83.03866666666667;75.96
2025-03-22 05:03:57;26.393333435058594;82.85066666666667;75.96
2025-03-22 05:33:57;26.503334045410156;82.76933333333332;75.872
2025-03-22 06:03:57;26.613333384195965;82.01733333333333;75.72133333333333
2025-03-22 06:33:57;26.760000228881836;82.46;75.60933333333332
2025-03-22 07:03:57;26.906667073567707;82.228;75.42933333333333
2025-03-22 07:33:57;27.126667022705078;82.02666666666667;75.28
2025-03-22 08:03:57;27.263333638509113;81.87866666666667;75.08933333333333
2025-03-22 08:33:57;27.386666615804035;81.708;74.95333333333333
2025-03-22 09:03:57;27.343332926432293;81.52266666666667;74.756
2025-03-22 09:33:57;27.116666793823242;81.33333333333333;74.57466666666667
2025-03-22 10:03:57;27.400000254313152;81.192;74.39066666666668
2025-03-22 10:33:57;27.406667073567707;81.036;74.25466666666667
2025-03-22 11:03:57;27.406666437784832;79.85466666666667;73.96933333333332
2025-03-22 11:33:57;27.40999984741211;80.81733333333332;73.956
2025-03-22 12:03:57;27.47333335876465;84.54933333333332;76.49866666666667
2025-03-22 12:33:57;27.446666717529297;86.16933333333333;74.096
2025-03-22 13:03:57;27.476666768391926;86.172;74.096
2025-03-22 13:33:57;27.479999542236328;86.388;74.096
2025-03-22 14:03:57;27.469999313354492;86.17866666666667;74.096
2025-03-22 14:33:57;27.47333335876465;86.176;74.096
2025-03-22 15:03:57;27.50666681925456;86.17333333333333;74.096
2025-03-22 15:33:57;27.47333272298177;85.68133333333333;74.096
2025-03-22 16:03:57;27.52666664123535;85.692;74.096
2025-03-22 16:33:57;27.510000228881836;85.62;74.096
2025-03-22 17:03:57;27.496667226155598;86.18;74.096
2025-03-22 17:33:57;27.176666895548504;86.248;74.096
2025-03-22 18:03:57;27.52666727701823;86.18;74.096
2025-03-22 18:33:57;27.520000457763672;86.176;74.096
2025-03-22 19:03:57;27.53333346048991;85.612;74.096
2025-03-22 19:33:57;27.53333346048991;86.16266666666667;74.096
2025-03-22 20:03:57;27.52333386739095;86.23733333333332;74.096
2025-03-22 20:33:57;27.520000457763672;86.23733333333332;74.096
2025-03-22 21:03:57;27.53000005086263;86.176;74.096
2025-03-22 21:33:57;27.5;86.18;74.096
2025-03-22 22:03:57;27.513333638509113;86.24533333333333;74.096
2025-03-22 22:33:57;27.56999969482422;86.172;74.096
2025-03-22 23:03:57;27.496666590372723;85.616;74.096
2025-03-22 23:33:57;27.536666870117188;86.17333333333333;74.096
2025-03-23 00:03:57;27.540000279744465;86.17866666666667;74.096
2025-03-23 00:33:57;27.540000279744465;86.18;74.096
2025-03-23 01:03:57;27.533334096272785;85.62133333333333;74.096
2025-03-23 01:33:57;27.53333346048991;86.18;74.096
2025-03-23 02:03:57;27.559999465942383;86.17733333333332;74.096
2025-03-23 02:33:57;27.543333689371746;85.62266666666667;74.096
2025-03-23 03:03:57;27.540000279744465;86.17733333333332;74.096
2025-03-23 03:33:57;27.356667200724285;86.18;74.096
2025-03-23 04:03:57;27.31333351135254;86.18;74.096
2025-03-23 04:33:57;27.580000559488933;85.624;74.096
2025-03-23 05:03:57;27.520000457763672;86.17333333333333;74.096
2025-03-23 05:33:57;27.530000686645508;86.19466666666668;74.096
2025-03-23 06:03:57;27.553333282470703;85.61866666666667;74.096
2025-03-23 06:33:57;27.50666681925456;86.176;74.096
2025-03-23 07:03:57;27.530000686645508;86.17866666666667;74.096
2025-03-23 07:33:57;27.543333689371746;86.192;74.096
2025-03-23 08:03:57;27.553333918253582;86.17866666666667;74.096
2025-03-23 08:33:57;27.530000686645508;86.17866666666667;74.096
2025-03-23 09:03:57;27.56999969482422;86.24933333333333;74.096
2025-03-23 09:33:57;27.56999969482422;86.176;74.096
2025-03-23 10:03:57;27.56333287556966;85.61333333333333;74.096
2025-03-23 10:33:57;27.559999465942383;86.232;74.096
2025-03-23 11:03:57;27.56666628519694;85.68133333333333;74.096